node,metric,mean_slope,change_magnitude,change_direction,relative_slope,abs_effect_size,effect_size_cohens_d,r_squared,n_sessions,significant
1,degree,-7.284693166438142e-15,0.0,decreasing,-8.993448353627336e-17,8.993448353627336e-17,-8.993448353627336e-17,,9,False
1,strength,-0.10214276141686188,2.952163600921068,decreasing,-0.0023825025739800665,0.0023825025739800665,-0.0023825025739800665,0.010760693752974726,9,False
1,betweenness,12.666666666666663,128.0,increasing,0.2007042253521126,0.2007042253521126,0.2007042253521126,0.07111432136056217,9,True
1,clustering,-0.001027887080286522,0.025541777716203196,decreasing,-0.00205578270552894,0.00205578270552894,-0.00205578270552894,0.015018089826622893,9,False
1,local_efficiency,-0.001022599743660734,0.025858599193188503,decreasing,-0.002041940341942256,0.002041940341942256,-0.002041940341942256,0.014532807024061012,9,False
1,participation_coef,-0.01227040285538879,0.07931321640110978,decreasing,-0.015616329841912387,0.015616329841912387,-0.015616329841912387,0.2267805986338728,9,True
1,within_module_zscore,0.2908554922470137,3.058941248543732,increasing,7.898144544037533,7.898144544037533,7.898144544037533,0.07284671212595029,9,True
2,degree,-7.284693166438142e-15,0.0,decreasing,-8.993448353627336e-17,8.993448353627336e-17,-8.993448353627336e-17,,9,False
2,strength,1.711911877110444,5.522009155202028,increasing,0.03980086864347715,0.03980086864347715,0.03980086864347715,0.5267512735083687,9,True
2,betweenness,30.333333333333336,200.0,increasing,0.291044776119403,0.291044776119403,0.291044776119403,0.16159520216474987,9,True
2,clustering,0.011873673707185972,0.041776311555252854,increasing,0.02380809012569804,0.02380809012569804,0.02380809012569804,0.36547592989436006,9,True
2,local_efficiency,0.01190814111029488,0.04167975661793505,increasing,0.023840910812767256,0.023840910812767256,0.023840910812767256,0.36770662673730337,9,True
2,participation_coef,-0.009733503205644948,0.08140185567007951,decreasing,-0.012435619172790742,0.012435619172790742,-0.012435619172790742,0.14880646065975145,9,True
2,within_module_zscore,-0.36681632862392977,3.5567768265890782,decreasing,-1.7580547082560785,1.7580547082560785,-1.7580547082560785,0.0943139972481859,9,True
3,degree,-7.284693166438142e-15,0.0,decreasing,-8.993448353627336e-17,8.993448353627336e-17,-8.993448353627336e-17,,9,False
3,strength,-1.311059637980286,5.741844113732107,decreasing,-0.030329903004591784,0.030329903004591784,-0.030329903004591784,0.3517401163536129,9,True
3,betweenness,124.99999999999993,512.0,increasing,0.9816753926701566,0.9816753926701566,0.9816753926701566,0.4494075011504831,9,True
3,clustering,-0.013248873137237719,0.0600424918731014,decreasing,-0.026438068015886267,0.026438068015886267,-0.026438068015886267,0.3143526256539604,9,True
3,local_efficiency,-0.013263401715279968,0.060127658867476785,decreasing,-0.02642689582926008,0.02642689582926008,-0.02642689582926008,0.31391843934572705,9,True
3,participation_coef,-0.01448337527921749,0.10384169792774844,decreasing,-0.018596309550271955,0.018596309550271955,-0.018596309550271955,0.18884581700638958,9,True
3,within_module_zscore,-0.4896053979945625,1.7005828603079398,decreasing,-9.746407398100674,9.746407398100674,-9.746407398100674,0.619702878746248,9,True
4,degree,-7.284693166438142e-15,0.0,decreasing,-8.993448353627336e-17,8.993448353627336e-17,-8.993448353627336e-17,,9,False
4,strength,0.43343856107497386,7.69488324234856,increasing,0.010078416021090915,0.010078416021090915,0.010078416021090915,0.01820038192051643,9,True
4,betweenness,-169.0,630.0,decreasing,-0.4893822393822394,0.4893822393822394,-0.4893822393822394,0.4064041511724976,9,True
4,clustering,0.008174290914641459,0.07664312489583003,increasing,0.01656013939208778,0.01656013939208778,0.01656013939208778,0.07984409110795343,9,True
4,local_efficiency,0.008206611501680332,0.07680526058030407,increasing,0.0166005317344993,0.0166005317344993,0.0166005317344993,0.0798493761006388,9,True
4,participation_coef,-0.013493114621348851,0.08763537488428275,decreasing,-0.017239105264481445,0.017239105264481445,-0.017239105264481445,0.24538843844958824,9,True
4,within_module_zscore,-0.047586279244902385,2.5483875449584503,decreasing,-0.2693103952024482,0.2693103952024482,-0.2693103952024482,0.0017519039843749695,9,True
5,degree,-7.284693166438142e-15,0.0,decreasing,-8.993448353627336e-17,8.993448353627336e-17,-8.993448353627336e-17,,9,False
5,strength,-0.9026643744893512,4.248661160993578,decreasing,-0.021016763846674596,0.021016763846674596,-0.021016763846674596,0.22653313865089442,9,True
5,betweenness,60.66666666666665,208.0,increasing,0.5270270270270269,0.5270270270270269,0.5270270270270269,0.5173900366544486,9,True
5,clustering,-0.009105882503396426,0.030846030477450603,decreasing,-0.018324621194602216,0.018324621194602216,-0.018324621194602216,0.42340130753124305,9,True
5,local_efficiency,-0.009099433224667086,0.030656323869507507,decreasing,-0.018284015302052703,0.018284015302052703,-0.018284015302052703,0.42316789994157533,9,True
5,participation_coef,-0.017779750903948295,0.09425789224555048,decreasing,-0.022794157554810884,0.022794157554810884,-0.022794157554810884,0.3274165080716286,9,True
5,within_module_zscore,-0.3094034476913349,3.939496355435578,decreasing,-4.111787015328723,4.111787015328723,-4.111787015328723,0.04488849917907478,9,True
6,degree,-7.284693166438142e-15,0.0,decreasing,-8.993448353627336e-17,8.993448353627336e-17,-8.993448353627336e-17,,9,False
6,strength,-1.0358960642548596,5.2859745852862545,decreasing,-0.024418916026697157,0.024418916026697157,-0.024418916026697157,0.18110228129611483,9,True
6,betweenness,63.66666666666667,404.0,increasing,0.6887019230769231,0.6887019230769231,0.6887019230769231,0.18261196022158444,9,True
6,clustering,-0.00910391493273912,0.05048103034914553,decreasing,-0.018365287538444675,0.018365287538444675,-0.018365287538444675,0.15890929006190502,9,True
6,local_efficiency,-0.009070064584647864,0.050289797343372966,decreasing,-0.018268969251525945,0.018268969251525945,-0.018268969251525945,0.1578914589421222,9,True
6,participation_coef,-0.014890949954686943,0.0856620157363277,decreasing,-0.019037203210754108,0.019037203210754108,-0.019037203210754108,0.29025459217993743,9,True
6,within_module_zscore,-0.3589232679229054,3.236290757695885,decreasing,-0.5638332030964204,0.5638332030964204,-0.5638332030964204,0.10405185551279084,9,True
7,degree,-7.284693166438142e-15,0.0,decreasing,-8.993448353627336e-17,8.993448353627336e-17,-8.993448353627336e-17,,9,False
7,strength,-0.239165696686653,6.467027705738722,decreasing,-0.005340236228496145,0.005340236228496145,-0.005340236228496145,0.0072305648477068996,9,False
7,betweenness,103.99999999999997,672.0,increasing,0.857142857142857,0.857142857142857,0.857142857142857,0.18427150061332953,9,True
7,clustering,-0.0023557415816505374,0.05911998372750693,decreasing,-0.004582436341877785,0.004582436341877785,-0.004582436341877785,0.008579714596331556,9,False
7,local_efficiency,-0.0023373895720563663,0.0594368759074092,decreasing,-0.0045401431302241205,0.0045401431302241205,-0.0045401431302241205,0.008352240640362885,9,False
7,participation_coef,-0.010274944417351247,0.08443952111923914,decreasing,-0.013062298969757843,0.013062298969757843,-0.013062298969757843,0.16165730572585457,9,True
7,within_module_zscore,0.20280740514213955,3.9107861835970894,increasing,41.264466480217266,41.264466480217266,41.264466480217266,0.028233636953611252,9,True
8,degree,-7.284693166438142e-15,0.0,decreasing,-8.993448353627336e-17,8.993448353627336e-17,-8.993448353627336e-17,,9,False
8,strength,-1.6354819824754006,7.835193069716695,decreasing,-0.036538255092130933,0.036538255092130933,-0.036538255092130933,0.3517085531806512,9,True
8,betweenness,23.66666666666668,210.0,increasing,0.3424437299035371,0.3424437299035371,0.3424437299035371,0.06637319616586501,9,True
8,clustering,-0.013589099192794881,0.07075768055189047,decreasing,-0.026455638593448204,0.026455638593448204,-0.026455638593448204,0.2783744056820746,9,True
8,local_efficiency,-0.013590679056475506,0.07087628584958333,decreasing,-0.026418241965782237,0.026418241965782237,-0.026418241965782237,0.27763126853452325,9,True
8,participation_coef,-0.011934092595194,0.0897499237278756,decreasing,-0.015221080691409249,0.015221080691409249,-0.015221080691409249,0.17511140982814177,9,True
8,within_module_zscore,-0.41817034705977973,3.9023260306564236,decreasing,-0.6791354845031015,0.6791354845031015,-0.6791354845031015,0.08148124515230437,9,True
9,degree,-7.284693166438142e-15,0.0,decreasing,-8.993448353627336e-17,8.993448353627336e-17,-8.993448353627336e-17,,9,False
9,strength,1.1086017522971783,4.71647894012375,increasing,0.02550114903580729,0.02550114903580729,0.02550114903580729,0.34439801997216335,9,True
9,betweenness,10.666666666666666,230.0,increasing,0.12151898734177215,0.12151898734177215,0.12151898734177215,0.01946718714354545,9,True
9,clustering,0.009901273212580289,0.04145795120234691,increasing,0.01966615868542181,0.01966615868542181,0.01966615868542181,0.3689792104354265,9,True
9,local_efficiency,0.009949801676977494,0.041886421864442136,increasing,0.019731613657702853,0.019731613657702853,0.019731613657702853,0.36905736326382177,9,True
9,participation_coef,-0.012442081929730354,0.09728620055121162,decreasing,-0.015877859121762244,0.015877859121762244,-0.015877859121762244,0.17450743960217174,9,True
9,within_module_zscore,0.21840738447125688,3.709373049068129,increasing,1.2426756553019827,1.2426756553019827,1.2426756553019827,0.021588367560574695,9,True
10,degree,-7.284693166438142e-15,0.0,decreasing,-8.993448353627336e-17,8.993448353627336e-17,-8.993448353627336e-17,,9,False
10,strength,0.7123320866347436,4.361036756004587,increasing,0.016357686271455393,0.016357686271455393,0.016357686271455393,0.13908116064126486,9,True
10,betweenness,-61.333333333333314,308.0,decreasing,-0.5237191650853888,0.5237191650853888,-0.5237191650853888,0.1799880915251354,9,True
10,clustering,0.007630068900000207,0.0390389294299639,increasing,0.015180724274206315,0.015180724274206315,0.015180724274206315,0.17262363303205142,9,True
10,local_efficiency,0.007669204736782628,0.03926320201175304,increasing,0.015234944710903692,0.015234944710903692,0.015234944710903692,0.17167779210100564,9,True
10,participation_coef,-0.010841490922992083,0.08315322282901794,decreasing,-0.013803069287297996,0.013803069287297996,-0.013803069287297996,0.1715197292589915,9,True
10,within_module_zscore,0.33207251797379506,3.3082379481075166,increasing,1.0892155103637118,1.0892155103637118,1.0892155103637118,0.06918890524464028,9,True
11,degree,-7.284693166438142e-15,0.0,decreasing,-8.993448353627336e-17,8.993448353627336e-17,-8.993448353627336e-17,,9,False
11,strength,0.6426908884889634,5.897995381450201,increasing,0.015225647261950182,0.015225647261950182,0.015225647261950182,0.06252168903276734,9,True
11,betweenness,-31.333333333333332,248.0,decreasing,-0.36246786632390743,0.36246786632390743,-0.36246786632390743,0.07859438560704002,9,True
11,clustering,0.007029811056669642,0.054108894965521404,increasing,0.014218793916986593,0.014218793916986593,0.014218793916986593,0.08551456528601753,9,True
11,local_efficiency,0.007082546750290633,0.05448680188380062,increasing,0.01430369334295178,0.01430369334295178,0.01430369334295178,0.0861988986297828,9,True
11,participation_coef,-0.014986586210414349,0.09251959166971091,decreasing,-0.019150977694192613,0.019150977694192613,-0.019150977694192613,0.2577863828688819,9,True
11,within_module_zscore,0.012018183541539832,2.1521977680785644,increasing,0.03680399543989514,0.03680399543989514,0.03680399543989514,0.0001672334029486633,9,True
12,degree,-7.284693166438142e-15,0.0,decreasing,-8.993448353627336e-17,8.993448353627336e-17,-8.993448353627336e-17,,9,False
12,strength,-0.9204905272845347,4.147399742580845,decreasing,-0.02111134168867893,0.02111134168867893,-0.02111134168867893,0.2638395274187423,9,True
12,betweenness,-26.00000000000002,358.0,decreasing,-0.1710526315789475,0.1710526315789475,-0.1710526315789475,0.023369439963125127,9,True
12,clustering,-0.007149465169024363,0.03530153677777148,decreasing,-0.014216494728890765,0.014216494728890765,-0.014216494728890765,0.17544422068412235,9,True
12,local_efficiency,-0.007127119128264814,0.03548680176790775,decreasing,-0.014149991250618981,0.014149991250618981,-0.014149991250618981,0.17294464195110149,9,True
12,participation_coef,-0.014709563298025296,0.08636015119700247,decreasing,-0.01876129078092941,0.01876129078092941,-0.01876129078092941,0.285032391762586,9,True
12,within_module_zscore,-0.6034669561644758,3.1524902088950415,decreasing,-1.807279882368734,1.807279882368734,-1.807279882368734,0.21982549681318053,9,True
13,degree,-7.284693166438142e-15,0.0,decreasing,-8.993448353627336e-17,8.993448353627336e-17,-8.993448353627336e-17,,9,False
13,strength,0.1991731985557016,2.7413659373230246,increasing,0.00457643907462667,0.00457643907462667,0.00457643907462667,0.03011844582626777,9,False
13,betweenness,-11.666666666666671,132.0,decreasing,-0.1726973684210527,0.1726973684210527,-0.1726973684210527,0.03702994639474433,9,True
13,clustering,0.0034571278613504965,0.02538367262285246,increasing,0.006843539698867761,0.006843539698867761,0.006843539698867761,0.09292525583046518,9,False
13,local_efficiency,0.0034920757405175317,0.0251913159053494,increasing,0.0069019733289797615,0.0069019733289797615,0.0069019733289797615,0.09530567280314284,9,False
13,participation_coef,-0.012353171865595997,0.08776970557846253,decreasing,-0.015719940656079595,0.015719940656079595,-0.015719940656079595,0.2075693006679481,9,True
13,within_module_zscore,-0.030060000235269252,1.6927995610271809,decreasing,-2.4452036849786447,2.4452036849786447,-2.4452036849786447,0.0015858551424955403,9,True
14,degree,-7.284693166438142e-15,0.0,decreasing,-8.993448353627336e-17,8.993448353627336e-17,-8.993448353627336e-17,,9,False
14,strength,-0.7459837954913296,3.9870994346249446,decreasing,-0.016641440238380722,0.016641440238380722,-0.016641440238380722,0.1593180182263466,9,True
14,betweenness,54.333333333333314,284.0,increasing,0.738670694864048,0.738670694864048,0.738670694864048,0.29345905188283306,9,True
14,clustering,-0.0076296646903612495,0.03535543715392897,decreasing,-0.014805989659523455,0.014805989659523455,-0.014805989659523455,0.24617565679010056,9,True
14,local_efficiency,-0.007614286264265574,0.035327986789595034,decreasing,-0.014753446657687581,0.014753446657687581,-0.014753446657687581,0.24580365031549778,9,True
14,participation_coef,-0.011542674574670347,0.09233723070089539,decreasing,-0.014729553330767095,0.014729553330767095,-0.014729553330767095,0.1664164697314542,9,True
14,within_module_zscore,-0.4170391554364356,3.4704551802509562,decreasing,-0.509249679311791,0.509249679311791,-0.509249679311791,0.10685034576946484,9,True
15,degree,-7.284693166438142e-15,0.0,decreasing,-8.993448353627336e-17,8.993448353627336e-17,-8.993448353627336e-17,,9,False
15,strength,1.1001058932910972,4.056249384382063,increasing,0.025569214997350587,0.025569214997350587,0.025569214997350587,0.44820753608989594,9,True
15,betweenness,56.33333333333335,250.0,increasing,0.47118959107806707,0.47118959107806707,0.47118959107806707,0.3629405286343612,9,True
15,clustering,0.007462383141993689,0.03450395785884758,increasing,0.014952911336009964,0.014952911336009964,0.014952911336009964,0.28492832509688915,9,True
15,local_efficiency,0.007489468972436907,0.034514327346951534,increasing,0.014984058301142395,0.014984058301142395,0.014984058301142395,0.28481546065301067,9,True
15,participation_coef,-0.012990472324778448,0.08964287779586955,decreasing,-0.016583392251516317,0.016583392251516317,-0.016583392251516317,0.23280650322192908,9,True
15,within_module_zscore,0.4478657187291414,2.5335661091478032,increasing,1.7982925949652535,1.7982925949652535,1.7982925949652535,0.25620272042280523,9,True
16,degree,-7.284693166438142e-15,0.0,decreasing,-8.993448353627336e-17,8.993448353627336e-17,-8.993448353627336e-17,,9,False
16,strength,-0.34012475557453586,6.459468272262008,decreasing,-0.007945471441568522,0.007945471441568522,-0.007945471441568522,0.028295649469371686,9,False
16,betweenness,33.66666666666665,520.0,increasing,0.2115921787709496,0.2115921787709496,0.2115921787709496,0.030202514655666035,9,True
16,clustering,-0.0020886688945703186,0.05870529351105258,decreasing,-0.004211478199657024,0.004211478199657024,-0.004211478199657024,0.011691385303377877,9,False
16,local_efficiency,-0.0020459533627863644,0.05900213346835681,decreasing,-0.004119322617200401,0.004119322617200401,-0.004119322617200401,0.011162100323453106,9,False
16,participation_coef,-0.014048136337239668,0.09078380063966529,decreasing,-0.017980712917975414,0.017980712917975414,-0.017980712917975414,0.23338005759863745,9,True
16,within_module_zscore,-1.207669054504967,3.946584547290795,decreasing,-2.799124137842118,2.799124137842118,-2.799124137842118,0.5592552755977687,9,True
17,degree,-7.284693166438142e-15,0.0,decreasing,-8.993448353627336e-17,8.993448353627336e-17,-8.993448353627336e-17,,9,False
17,strength,-0.3602284363673376,3.52200004051668,decreasing,-0.008398200778832474,0.008398200778832474,-0.008398200778832474,0.048262840812616004,9,False
17,betweenness,66.99999999999996,344.0,increasing,0.6090909090909087,0.6090909090909087,0.6090909090909087,0.22161334913112174,9,True
17,clustering,-0.004343447037404737,0.03470469592003833,decreasing,-0.00870687170776383,0.00870687170776383,-0.00870687170776383,0.0824498727149997,9,False
17,local_efficiency,-0.004342887257302636,0.03474975385718143,decreasing,-0.008692574281136853,0.008692574281136853,-0.008692574281136853,0.0817640668670282,9,False
17,participation_coef,-0.01328126034731272,0.08848911197329223,decreasing,-0.01693869039300445,0.01693869039300445,-0.01693869039300445,0.23270826675476375,9,True
17,within_module_zscore,-0.18144196637620444,2.999778032431957,decreasing,-0.5533741581216369,0.5533741581216369,-0.5533741581216369,0.019612410273193603,9,True
18,degree,-7.284693166438142e-15,0.0,decreasing,-8.993448353627336e-17,8.993448353627336e-17,-8.993448353627336e-17,,9,False
18,strength,-1.1927698806981553,3.8462419006287902,decreasing,-0.027459974528588726,0.027459974528588726,-0.027459974528588726,0.4575098681346601,9,True
18,betweenness,88.99999999999999,314.0,increasing,1.0511811023622044,1.0511811023622044,1.0511811023622044,0.5568757030371203,9,True
18,clustering,-0.012776291719572761,0.03871974602560463,decreasing,-0.025366827360300315,0.025366827360300315,-0.025366827360300315,0.5226894397270408,9,True
18,local_efficiency,-0.012783566047776937,0.03883742942844515,decreasing,-0.025341405690429565,0.025341405690429565,-0.025341405690429565,0.5224270062247329,9,True
18,participation_coef,-0.014972779449073133,0.08856811177013313,decreasing,-0.019142004384126072,0.019142004384126072,-0.019142004384126072,0.2994592953387464,9,True
18,within_module_zscore,-0.1886664053960211,2.564236052777553,decreasing,-1.2290568068574408,1.2290568068574408,-1.2290568068574408,0.032269827717369415,9,True
19,degree,-7.284693166438142e-15,0.0,decreasing,-8.993448353627336e-17,8.993448353627336e-17,-8.993448353627336e-17,,9,False
19,strength,0.05560905664816776,1.940871251541573,increasing,0.0012752276206576048,0.0012752276206576048,0.0012752276206576048,0.004745736277549817,9,False
19,betweenness,-25.333333333333325,82.0,decreasing,-0.43346007604562725,0.43346007604562725,-0.43346007604562725,0.5677588466579292,9,True
19,clustering,0.001258050577546564,0.012943241785530635,increasing,0.00248778909909531,0.00248778909909531,0.00248778909909531,0.042510300678715196,9,False
19,local_efficiency,0.001301922111814849,0.012711182918402564,increasing,0.0025706921916717924,0.0025706921916717924,0.0025706921916717924,0.04632866055628737,9,False
19,participation_coef,-0.015333346049208172,0.09316710506151127,decreasing,-0.01963750019435646,0.01963750019435646,-0.01963750019435646,0.2609003748028882,9,True
19,within_module_zscore,0.13433046918428163,3.1378067705955046,increasing,5.504983210600767,5.504983210600767,5.504983210600767,0.013287477095807687,9,True
20,degree,-7.284693166438142e-15,0.0,decreasing,-8.993448353627336e-17,8.993448353627336e-17,-8.993448353627336e-17,,9,False
20,strength,-0.8819310614924151,5.7797556004087625,decreasing,-0.0199985742546115,0.0199985742546115,-0.0199985742546115,0.181204947578969,9,True
20,betweenness,36.33333333333333,134.0,increasing,0.7047413793103448,0.7047413793103448,0.7047413793103448,0.49959351872617175,9,True
20,clustering,-0.007999083991070488,0.0500653718584505,decreasing,-0.015710684349692354,0.015710684349692354,-0.015710684349692354,0.19701488691255942,9,True
20,local_efficiency,-0.007982268826042803,0.050258065507306826,decreasing,-0.015653029612251713,0.015653029612251713,-0.015653029612251713,0.19464625464981733,9,True
20,participation_coef,-0.013436193737890295,0.08273938111577495,decreasing,-0.017128384271624025,0.017128384271624025,-0.017128384271624025,0.26380564704085285,9,True
20,within_module_zscore,-0.11070602345709625,3.5527342702021008,decreasing,-0.17538466427261587,0.17538466427261587,-0.17538466427261587,0.007558091335959305,9,True
21,degree,-7.284693166438142e-15,0.0,decreasing,-8.993448353627336e-17,8.993448353627336e-17,-8.993448353627336e-17,,9,False
21,strength,-1.520541416624589,4.86288901679977,decreasing,-0.03399499767219881,0.03399499767219881,-0.03399499767219881,0.545645201915447,9,True
21,betweenness,14.999999999999972,194.0,increasing,0.1890756302521005,0.1890756302521005,0.1890756302521005,0.024456521739130266,9,True
21,clustering,-0.012970249825828326,0.04292187814271714,decreasing,-0.02515836979958421,0.02515836979958421,-0.02515836979958421,0.46193806993989195,9,True
21,local_efficiency,-0.01295785014921405,0.04274200733616884,decreasing,-0.02509682200436675,0.02509682200436675,-0.02509682200436675,0.4636347796157868,9,True
21,participation_coef,-0.015370305934041765,0.08667043911338079,decreasing,-0.019659622193448273,0.019659622193448273,-0.019659622193448273,0.2684314964647577,9,True
21,within_module_zscore,-0.31076515350462247,3.9800411381105,decreasing,-0.7529035572670707,0.7529035572670707,-0.7529035572670707,0.04074717054724086,9,True
22,degree,-7.284693166438142e-15,0.0,decreasing,-8.993448353627336e-17,8.993448353627336e-17,-8.993448353627336e-17,,9,False
22,strength,0.7096734177537052,10.413369242798602,increasing,0.01622810889524229,0.01622810889524229,0.01622810889524229,0.0280266395185631,9,True
22,betweenness,32.33333333333331,334.0,increasing,0.33602771362586575,0.33602771362586575,0.33602771362586575,0.06394184592522778,9,True
22,clustering,0.006217739806031958,0.09472184699882702,increasing,0.01228189834719671,0.01228189834719671,0.01228189834719671,0.025905657398796467,9,True
22,local_efficiency,0.006258855200903588,0.09506616211863939,increasing,0.012344210425629438,0.012344210425629438,0.012344210425629438,0.02617301985262166,9,True
22,participation_coef,-0.00873999366132774,0.08036744083416114,decreasing,-0.011119857245201972,0.011119857245201972,-0.011119857245201972,0.12775628228217184,9,True
22,within_module_zscore,-0.39874860927730776,3.3668226888445503,decreasing,-1.281161708881598,1.281161708881598,-1.281161708881598,0.1144986949926926,9,True
23,degree,-7.284693166438142e-15,0.0,decreasing,-8.993448353627336e-17,8.993448353627336e-17,-8.993448353627336e-17,,9,False
23,strength,0.3248983730655217,2.7945187933044338,increasing,0.007667085728466802,0.007667085728466802,0.007667085728466802,0.06855915518898803,9,False
23,betweenness,-17.666666666666682,146.0,decreasing,-0.25399361022364236,0.25399361022364236,-0.25399361022364236,0.07126306531813409,9,True
23,clustering,0.002921102048593185,0.027879142311454774,increasing,0.005897554159373961,0.005897554159373961,0.005897554159373961,0.0578862810184777,9,False
23,local_efficiency,0.0029693415666867664,0.02796602968756906,increasing,0.005985909191103978,0.005985909191103978,0.005985909191103978,0.05921157324545645,9,False
23,participation_coef,-0.015664745833778377,0.08609071466864959,decreasing,-0.019995113027922486,0.019995113027922486,-0.019995113027922486,0.33139750047449235,9,True
23,within_module_zscore,0.24718183853564582,1.622090533592735,increasing,0.5336660664542155,0.5336660664542155,0.5336660664542155,0.12921836395196384,9,True
24,degree,-7.284693166438142e-15,0.0,decreasing,-8.993448353627336e-17,8.993448353627336e-17,-8.993448353627336e-17,,9,False
24,strength,0.3107122064437725,3.9122189464722226,increasing,0.006922361737516829,0.006922361737516829,0.006922361737516829,0.04012226495320326,9,False
24,betweenness,-25.33333333333329,248.0,decreasing,-0.3257142857142852,0.3257142857142852,-0.3257142857142852,0.04824214617414824,9,True
24,clustering,0.003983040369190503,0.04074691022453164,increasing,0.007714378263333768,0.007714378263333768,0.007714378263333768,0.05399110851305733,9,False
24,local_efficiency,0.0040131048364419435,0.04095000716119396,increasing,0.007760618827643873,0.007760618827643873,0.007760618827643873,0.0538733171394149,9,False
24,participation_coef,-0.013257820231449903,0.08313419519785192,decreasing,-0.01687936279946152,0.01687936279946152,-0.01687936279946152,0.24643299633460347,9,True
24,within_module_zscore,0.06074529754280562,1.960513353303667,increasing,0.09171934812641944,0.09171934812641944,0.09171934812641944,0.006636335087974121,9,True
25,degree,-7.284693166438142e-15,0.0,decreasing,-8.993448353627336e-17,8.993448353627336e-17,-8.993448353627336e-17,,9,False
25,strength,0.9508978443195544,4.787531401965865,increasing,0.022557882290540704,0.022557882290540704,0.022557882290540704,0.23269836062588944,9,True
25,betweenness,-84.6666666666667,568.0,decreasing,-0.25032851511169524,0.25032851511169524,-0.25032851511169524,0.13093704673868345,9,True
25,clustering,0.010851470703877373,0.05163026453288916,increasing,0.02232705830947102,0.02232705830947102,0.02232705830947102,0.26683431942463975,9,True
25,local_efficiency,0.010907644450122062,0.051579760487635795,increasing,0.022410057293554917,0.022410057293554917,0.022410057293554917,0.2704314889860001,9,True
25,participation_coef,-0.01479110203414774,0.09132319796243271,decreasing,-0.01890810499025795,0.01890810499025795,-0.01890810499025795,0.2643612101390429,9,True
25,within_module_zscore,0.5711988220379015,3.215739632464641,increasing,0.7020621427189657,0.7020621427189657,0.7020621427189657,0.1852889755391669,9,True
26,degree,-7.284693166438142e-15,0.0,decreasing,-8.993448353627336e-17,8.993448353627336e-17,-8.993448353627336e-17,,9,False
26,strength,0.37681371920503826,4.343370215955048,increasing,0.008834923632920034,0.008834923632920034,0.008834923632920034,0.04739111821313535,9,False
26,betweenness,-9.666666666666606,384.0,decreasing,-0.06521739130434741,0.06521739130434741,-0.06521739130434741,0.002452314487220275,9,True
26,clustering,0.003936312540997853,0.047346345813697566,increasing,0.007943502992552602,0.007943502992552602,0.007943502992552602,0.04140041874783118,9,False
26,local_efficiency,0.003960812881950981,0.04780500245946728,increasing,0.00798063747181135,0.00798063747181135,0.00798063747181135,0.041332028651340336,9,False
26,participation_coef,-0.010929234139489964,0.0842554357409222,decreasing,-0.013957536679396382,0.013957536679396382,-0.013957536679396382,0.1608452356934389,9,True
26,within_module_zscore,0.22205519282474315,2.8315727938498454,increasing,0.6028802262974845,0.6028802262974845,0.6028802262974845,0.03522790379902552,9,True
27,degree,-7.284693166438142e-15,0.0,decreasing,-8.993448353627336e-17,8.993448353627336e-17,-8.993448353627336e-17,,9,False
27,strength,-0.2889446120226625,3.9563094235765845,decreasing,-0.0066551499542126915,0.0066551499542126915,-0.0066551499542126915,0.0229552041737342,9,False
27,betweenness,50.99999999999998,254.0,increasing,0.5839694656488548,0.5839694656488548,0.5839694656488548,0.29202844311377274,9,True
27,clustering,-0.0020072595301248437,0.036772999166951814,decreasing,-0.004000889521161416,0.004000889521161416,-0.004000889521161416,0.01386394871933505,9,False
27,local_efficiency,-0.0019939929832736166,0.037054799322015664,decreasing,-0.003968288941488809,0.003968288941488809,-0.003968288941488809,0.013490895743195175,9,False
27,participation_coef,-0.011527670261851974,0.08446588449694381,decreasing,-0.014724951385586552,0.014724951385586552,-0.014724951385586552,0.18433282307145038,9,True
27,within_module_zscore,-0.04284000871417352,2.62951563200252,decreasing,-0.8092256820177339,0.8092256820177339,-0.8092256820177339,0.0014038061481671527,9,True
28,degree,-7.284693166438142e-15,0.0,decreasing,-8.993448353627336e-17,8.993448353627336e-17,-8.993448353627336e-17,,9,False
28,strength,0.37247474502668826,3.6667039859729798,increasing,0.008670429469703717,0.008670429469703717,0.008670429469703717,0.06918591865924206,9,False
28,betweenness,-40.66666666666671,226.0,decreasing,-0.1934460887949262,0.1934460887949262,-0.1934460887949262,0.2388267260007274,9,True
28,clustering,0.005758005062430776,0.03308877216984568,increasing,0.011636126299831403,0.011636126299831403,0.011636126299831403,0.18056833345619472,9,True
28,local_efficiency,0.0058198892329139225,0.03316133068064048,increasing,0.011743579793648278,0.011743579793648278,0.011743579793648278,0.18349221378684633,9,True
28,participation_coef,-0.014273804165615685,0.09533275485662451,decreasing,-0.018282081807082528,0.018282081807082528,-0.018282081807082528,0.2188889334900287,9,True
28,within_module_zscore,0.23632461493694318,2.518423132363252,increasing,1.700662916383162,1.700662916383162,1.700662916383162,0.062079657825372614,9,True
29,degree,-7.284693166438142e-15,0.0,decreasing,-8.993448353627336e-17,8.993448353627336e-17,-8.993448353627336e-17,,9,False
29,strength,0.3745048505432926,6.180254737510573,increasing,0.00871810676788437,0.00871810676788437,0.00871810676788437,0.019197953968981718,9,False
29,betweenness,32.66666666666667,202.0,increasing,0.6228813559322035,0.6228813559322035,0.6228813559322035,0.18173790180148353,9,True
29,clustering,0.0022643102151131797,0.05398802714739698,increasing,0.004527267668667,0.004527267668667,0.004527267668667,0.00947540291320581,9,False
29,local_efficiency,0.002282852266387295,0.05424054688888652,increasing,0.004557235727702781,0.004557235727702781,0.004557235727702781,0.009565303030558692,9,False
29,participation_coef,-0.010096707608129219,0.08488183994826692,decreasing,-0.012819109205860843,0.012819109205860843,-0.012819109205860843,0.15918103795557392,9,True
29,within_module_zscore,0.20285678054788067,3.5599226388162846,increasing,0.47522145712203284,0.47522145712203284,0.47522145712203284,0.018459799942023847,9,True
30,degree,-7.284693166438142e-15,0.0,decreasing,-8.993448353627336e-17,8.993448353627336e-17,-8.993448353627336e-17,,9,False
30,strength,0.46225840301725263,4.765147400586365,increasing,0.010548493827252292,0.010548493827252292,0.010548493827252292,0.041929313362672915,9,True
30,betweenness,-25.666666666666682,242.0,decreasing,-0.3147138964577659,0.3147138964577659,-0.3147138964577659,0.04912450287229331,9,True
30,clustering,0.004611204472717955,0.04741382506084352,increasing,0.009084435305552776,0.009084435305552776,0.009084435305552776,0.047794368517782515,9,False
30,local_efficiency,0.004659939674449476,0.04760946065503763,increasing,0.009166477569663205,0.009166477569663205,0.009166477569663205,0.048857472948953595,9,False
30,participation_coef,-0.014094105973341504,0.08404590311530402,decreasing,-0.017973362012865726,0.017973362012865726,-0.017973362012865726,0.26034168882521636,9,True
30,within_module_zscore,-0.3805060871320523,3.2362388252243637,decreasing,-3.85491943308437,3.85491943308437,-3.85491943308437,0.07762999578313656,9,True
31,degree,-7.284693166438142e-15,0.0,decreasing,-8.993448353627336e-17,8.993448353627336e-17,-8.993448353627336e-17,,9,False
31,strength,-1.0082318454208676,2.58658334378881,decreasing,-0.02273136726213188,0.02273136726213188,-0.02273136726213188,0.6832824396006765,9,True
31,betweenness,3.3333333333333264,120.0,increasing,0.0519031141868511,0.0519031141868511,0.0519031141868511,0.003827116395366703,9,True
31,clustering,-0.009120821313999458,0.027297810016172486,decreasing,-0.01780711935530232,0.01780711935530232,-0.01780711935530232,0.5974790837449995,9,True
31,local_efficiency,-0.009100286606687203,0.027523521645481164,decreasing,-0.017739899985289784,0.017739899985289784,-0.017739899985289784,0.5958067179736914,9,True
31,participation_coef,-0.008709845046939668,0.08375051132252898,decreasing,-0.011101130466321427,0.011101130466321427,-0.011101130466321427,0.10770693852149837,9,True
31,within_module_zscore,-0.3513556804412572,1.9552880381383337,decreasing,-1.7679027516375396,1.7679027516375396,-1.7679027516375396,0.24339479987457568,9,True
32,degree,-7.284693166438142e-15,0.0,decreasing,-8.993448353627336e-17,8.993448353627336e-17,-8.993448353627336e-17,,9,False
32,strength,0.5642460926410177,4.855723461015302,increasing,0.012824722232004256,0.012824722232004256,0.012824722232004256,0.07119070254485482,9,True
32,betweenness,-44.000000000000036,370.0,decreasing,-0.4177215189873421,0.4177215189873421,-0.4177215189873421,0.06049747927169713,9,True
32,clustering,0.005633177466535724,0.043853411645056795,increasing,0.011089935524383074,0.011089935524383074,0.011089935524383074,0.08594176758603533,9,True
32,local_efficiency,0.005711794887198437,0.043900842681512064,increasing,0.011228076733564296,0.011228076733564296,0.011228076733564296,0.08837092162978344,9,True
32,participation_coef,-0.01160822754544758,0.09222340630508652,decreasing,-0.014783251388330785,0.014783251388330785,-0.014783251388330785,0.16815656870341333,9,True
32,within_module_zscore,-0.2761616744689157,3.0291973603536557,decreasing,-1.8928215270849422,1.8928215270849422,-1.8928215270849422,0.057517630539395515,9,True
33,degree,-7.284693166438142e-15,0.0,decreasing,-8.993448353627336e-17,8.993448353627336e-17,-8.993448353627336e-17,,9,False
33,strength,-0.8248968155980722,4.6539698187130085,decreasing,-0.018682740671872766,0.018682740671872766,-0.018682740671872766,0.21877374139641648,9,True
33,betweenness,26.666666666666675,234.0,increasing,0.2690582959641256,0.2690582959641256,0.2690582959641256,0.0950664474856906,9,True
33,clustering,-0.008901211890701503,0.036473599147957114,decreasing,-0.01751822856739984,0.01751822856739984,-0.01751822856739984,0.3676129299962265,9,True
33,local_efficiency,-0.008883698054097822,0.03622525376058294,decreasing,-0.01745723201809459,0.01745723201809459,-0.01745723201809459,0.36630899612965173,9,True
33,participation_coef,-0.013191790154202118,0.07453161297202937,decreasing,-0.0168639641067923,0.0168639641067923,-0.0168639641067923,0.27710344667382025,9,True
33,within_module_zscore,-0.17587864653403235,1.9544885976414672,decreasing,-0.3733403240041516,0.3733403240041516,-0.3733403240041516,0.04856131092395066,9,True
34,degree,-7.284693166438142e-15,0.0,decreasing,-8.993448353627336e-17,8.993448353627336e-17,-8.993448353627336e-17,,9,False
34,strength,0.23364669185491993,2.818306525721596,increasing,0.005574190064675472,0.005574190064675472,0.005574190064675472,0.03126400795019546,9,False
34,betweenness,59.999999999999964,362.0,increasing,0.4687499999999997,0.4687499999999997,0.4687499999999997,0.19234879247702497,9,True
34,clustering,0.0001698371996124775,0.03236968135840168,increasing,0.0003465171611546669,0.0003465171611546669,0.0003465171611546669,0.00014265785284561794,9,False
34,local_efficiency,0.00019404616417805865,0.03232540488976193,increasing,0.00039532124712770596,0.00039532124712770596,0.00039532124712770596,0.00018806536156779075,9,False
34,participation_coef,-0.015559722655887023,0.09231363783267421,decreasing,-0.019924678557337275,0.019924678557337275,-0.019924678557337275,0.2642459407051415,9,True
34,within_module_zscore,0.807997235711919,2.7809374067628037,increasing,2.8938845542220633,2.8938845542220633,2.8938845542220633,0.39568672874594113,9,True
35,degree,-7.284693166438142e-15,0.0,decreasing,-8.993448353627336e-17,8.993448353627336e-17,-8.993448353627336e-17,,9,False
35,strength,0.9580086186398376,4.689311195264047,increasing,0.022243569886782295,0.022243569886782295,0.022243569886782295,0.34021746972898825,9,True
35,betweenness,-37.66666666666668,210.0,decreasing,-0.3684782608695653,0.3684782608695653,-0.3684782608695653,0.1794877801934177,9,True
35,clustering,0.006867515217218259,0.037761697066015454,increasing,0.013736477106028277,0.013736477106028277,0.013736477106028277,0.25025205518794613,9,True
35,local_efficiency,0.006919075573769088,0.03808317468102124,increasing,0.013818488091730695,0.013818488091730695,0.013818488091730695,0.24947083063009834,9,True
35,participation_coef,-0.012304894071586267,0.08647654608485511,decreasing,-0.015685010428315743,0.015685010428315743,-0.015685010428315743,0.20608989242740816,9,True
35,within_module_zscore,-0.23185752199309703,2.5646276866933198,decreasing,-0.4881818690985042,0.4881818690985042,-0.4881818690985042,0.043551509469218375,9,True
36,degree,-7.284693166438142e-15,0.0,decreasing,-8.993448353627336e-17,8.993448353627336e-17,-8.993448353627336e-17,,9,False
36,strength,0.11771933499429753,1.0769801300435162,increasing,0.002748970124447277,0.002748970124447277,0.002748970124447277,0.049462169267247336,9,False
36,betweenness,32.333333333333314,230.0,increasing,0.24702886247877745,0.24702886247877745,0.24702886247877745,0.059521500025303986,9,True
36,clustering,0.0016468188928361795,0.016130150559388767,increasing,0.0033153076990554064,0.0033153076990554064,0.0033153076990554064,0.054532485418593346,9,False
36,local_efficiency,0.0016826440396760646,0.016247846428723234,increasing,0.003382365611679985,0.003382365611679985,0.003382365611679985,0.05680321839340552,9,False
36,participation_coef,-0.010047292914343902,0.09474954541037206,decreasing,-0.0128427719084881,0.0128427719084881,-0.0128427719084881,0.10840930290487383,9,True
36,within_module_zscore,-0.5742182104114258,2.729772959751398,decreasing,-0.9984938788962316,0.9984938788962316,-0.9984938788962316,0.392527013960588,9,True
37,degree,-7.284693166438142e-15,0.0,decreasing,-8.993448353627336e-17,8.993448353627336e-17,-8.993448353627336e-17,,9,False
37,strength,0.5381642188614484,3.230625332843971,increasing,0.012322518264356153,0.012322518264356153,0.012322518264356153,0.15119440257334504,9,True
37,betweenness,1.9999999999999882,128.0,increasing,0.036144578313252795,0.036144578313252795,0.036144578313252795,0.0010159160176088644,9,True
37,clustering,0.004908200369808348,0.027165803117313092,increasing,0.009701945449731264,0.009701945449731264,0.009701945449731264,0.14894899770779313,9,False
37,local_efficiency,0.00493297610682471,0.027455515045036405,increasing,0.009735922899389677,0.009735922899389677,0.009735922899389677,0.14758734796281847,9,False
37,participation_coef,-0.01287192987200893,0.08331707428833568,decreasing,-0.016429580752103778,0.016429580752103778,-0.016429580752103778,0.23666479678018248,9,True
37,within_module_zscore,-0.07041208079399915,2.2338698496976934,decreasing,-0.37785015850620435,0.37785015850620435,-0.37785015850620435,0.008625453052945042,9,True
38,degree,-7.284693166438142e-15,0.0,decreasing,-8.993448353627336e-17,8.993448353627336e-17,-8.993448353627336e-17,,9,False
38,strength,0.7128670572590642,5.7039675888045025,increasing,0.01646984742329474,0.01646984742329474,0.01646984742329474,0.1052410412021304,9,True
38,betweenness,-33.00000000000005,504.0,decreasing,-0.1742957746478876,0.1742957746478876,-0.1742957746478876,0.017289373412362363,9,True
38,clustering,0.006420128286578795,0.05900011099857855,increasing,0.01287485494386622,0.01287485494386622,0.01287485494386622,0.08862474971384326,9,True
38,local_efficiency,0.006456393830068782,0.059058770717045184,increasing,0.012928061561098136,0.012928061561098136,0.012928061561098136,0.08959825685736322,9,True
38,participation_coef,-0.014242407064277339,0.09115287681040019,decreasing,-0.01815810777816838,0.01815810777816838,-0.01815810777816838,0.24088321771940258,9,True
38,within_module_zscore,0.131349656482283,1.6275387996614188,increasing,2.1475350739209333,2.1475350739209333,2.1475350739209333,0.04913651320359269,9,True
39,degree,-7.284693166438142e-15,0.0,decreasing,-8.993448353627336e-17,8.993448353627336e-17,-8.993448353627336e-17,,9,False
39,strength,0.9943971447843005,8.393021768040477,increasing,0.023607352833541265,0.023607352833541265,0.023607352833541265,0.10523916663846988,9,True
39,betweenness,-51.99999999999997,362.0,decreasing,-0.28363636363636346,0.28363636363636346,-0.28363636363636346,0.10992465716299005,9,True
39,clustering,0.010569430701010435,0.07819065208811221,increasing,0.021622201991097358,0.021622201991097358,0.021622201991097358,0.13550323144776422,9,True
39,local_efficiency,0.010611553835890589,0.07861926442522021,increasing,0.02167542659471833,0.02167542659471833,0.02167542659471833,0.135299802031013,9,True
39,participation_coef,-0.01469810790318683,0.09763727699138902,decreasing,-0.018781258962444026,0.018781258962444026,-0.018781258962444026,0.2061169584806134,9,True
39,within_module_zscore,0.33241595622788533,3.462968876499109,increasing,2.819445532837452,2.819445532837452,2.819445532837452,0.07434423803834622,9,True
40,degree,-7.284693166438142e-15,0.0,decreasing,-8.993448353627336e-17,8.993448353627336e-17,-8.993448353627336e-17,,9,False
40,strength,0.5753980282333442,2.7999772931748694,increasing,0.013545249004333152,0.013545249004333152,0.013545249004333152,0.28905141782101207,9,True
40,betweenness,-9.333333333333329,214.0,decreasing,-0.08108108108108104,0.08108108108108104,-0.08108108108108104,0.00956268600887955,9,True
40,clustering,0.005422697171738675,0.02516872769384404,increasing,0.010949966806483762,0.010949966806483762,0.010949966806483762,0.19757491764355095,9,True
40,local_efficiency,0.005468024324472856,0.025047375128337712,increasing,0.011024275384458907,0.011024275384458907,0.011024275384458907,0.20125723831690845,9,True
40,participation_coef,-0.01051408719110857,0.07883220740305996,decreasing,-0.0133585145466129,0.0133585145466129,-0.0133585145466129,0.1800426933964382,9,True
40,within_module_zscore,0.33616491122513303,2.034218178422365,increasing,0.6791479863874172,0.6791479863874172,0.6791479863874172,0.19172760577174375,9,True
41,degree,-7.284693166438142e-15,0.0,decreasing,-8.993448353627336e-17,8.993448353627336e-17,-8.993448353627336e-17,,9,False
41,strength,0.5710995689721882,3.597953424926885,increasing,0.013447542550115906,0.013447542550115906,0.013447542550115906,0.1917454081005293,9,True
41,betweenness,-127.33333333333331,472.0,decreasing,-0.5993723849372383,0.5993723849372383,-0.5993723849372383,0.34888569397468205,9,True
41,clustering,0.008452447466694032,0.03848881362187062,increasing,0.017168940822299368,0.017168940822299368,0.017168940822299368,0.3364564169613178,9,True
41,local_efficiency,0.008500876207459138,0.0385576218452382,increasing,0.017241568150203432,0.017241568150203432,0.017241568150203432,0.33581702611982645,9,True
41,participation_coef,-0.012203721139138922,0.08112291816410311,decreasing,-0.01561760955495586,0.01561760955495586,-0.01561760955495586,0.20571203025196405,9,True
41,within_module_zscore,0.08630454706240095,3.0462435321726815,increasing,1.3425691969784175,1.3425691969784175,1.3425691969784175,0.006462941990595827,9,True
42,degree,-7.284693166438142e-15,0.0,decreasing,-8.993448353627336e-17,8.993448353627336e-17,-8.993448353627336e-17,,9,False
42,strength,0.688128737771404,4.973342349905522,increasing,0.016183240223105425,0.016183240223105425,0.016183240223105425,0.11417131096553745,9,True
42,betweenness,-25.33333333333333,146.0,decreasing,-0.241014799154334,0.241014799154334,-0.241014799154334,0.18384755761150984,9,True
42,clustering,0.006591820469485551,0.0394631169762773,increasing,0.013345867393595461,0.013345867393595461,0.013345867393595461,0.16877903065153343,9,True
42,local_efficiency,0.0066324027383359305,0.03962549427416473,increasing,0.01340729121720831,0.01340729121720831,0.01340729121720831,0.16881850789704844,9,True
42,participation_coef,-0.013868001297474678,0.09395217887203322,decreasing,-0.01774939621737493,0.01774939621737493,-0.01774939621737493,0.2215082415072518,9,True
42,within_module_zscore,-0.22992870924638617,3.0729712106529714,decreasing,-1.5941562480600482,1.5941562480600482,-1.5941562480600482,0.04593599745151855,9,True
43,degree,-7.284693166438142e-15,0.0,decreasing,-8.993448353627336e-17,8.993448353627336e-17,-8.993448353627336e-17,,9,False
43,strength,-0.018821058459769936,8.63277207004861,decreasing,-0.000436233484885254,0.000436233484885254,-0.000436233484885254,4.254413362336784e-05,9,False
43,betweenness,20.33333333333334,182.0,increasing,0.2513736263736265,0.2513736263736265,0.2513736263736265,0.09011139812721991,9,True
43,clustering,-0.001342805598533155,0.07261833206111745,decreasing,-0.0026755964036902433,0.0026755964036902433,-0.0026755964036902433,0.003283191027626975,9,False
43,local_efficiency,-0.001307170213215816,0.07244113061329249,decreasing,-0.002600674676065565,0.002600674676065565,-0.002600674676065565,0.003122568954425753,9,False
43,participation_coef,-0.011586704480708417,0.0826602384320555,decreasing,-0.014710756693426509,0.014710756693426509,-0.014710756693426509,0.2029627216792128,9,True
43,within_module_zscore,-0.15480344454899006,3.5553167153807723,decreasing,-0.17446535142116848,0.17446535142116848,-0.17446535142116848,0.013509517526593795,9,True
44,degree,-7.284693166438142e-15,0.0,decreasing,-8.993448353627336e-17,8.993448353627336e-17,-8.993448353627336e-17,,9,False
44,strength,1.1794233394944762,5.220032533829922,increasing,0.027580396981010426,0.027580396981010426,0.027580396981010426,0.39061513978016327,9,True
44,betweenness,-72.33333333333336,246.0,decreasing,-0.5174880763116059,0.5174880763116059,-0.5174880763116059,0.5180004106836416,9,True
44,clustering,0.012220650962052841,0.0513985096884213,increasing,0.024703019770343945,0.024703019770343945,0.024703019770343945,0.42298075073470653,9,True
44,local_efficiency,0.012292010978569651,0.05141751322005628,increasing,0.0248085664375149,0.0248085664375149,0.0248085664375149,0.4266955379034285,9,True
44,participation_coef,-0.0101178377793496,0.0787444371022169,decreasing,-0.012927189206376493,0.012927189206376493,-0.012927189206376493,0.1460552867692011,9,True
44,within_module_zscore,-0.570748096805532,3.343593390636493,decreasing,-7.3880195709620065,7.3880195709620065,-7.3880195709620065,0.2238078603516791,9,True
45,degree,-7.284693166438142e-15,0.0,decreasing,-8.993448353627336e-17,8.993448353627336e-17,-8.993448353627336e-17,,9,False
45,strength,0.003266136932345398,1.6869294493649463,increasing,7.717086953293321e-05,7.717086953293321e-05,7.717086953293321e-05,1.4063509733319712e-05,9,False
45,betweenness,-17.99999999999997,198.0,decreasing,-0.14999999999999977,0.14999999999999977,-0.14999999999999977,0.032490974729241895,9,True
45,clustering,0.001449748508466518,0.020379467355048586,increasing,0.002931346377858298,0.002931346377858298,0.002931346377858298,0.026982994875678012,9,False
45,local_efficiency,0.0014818650407360148,0.02051671354205231,increasing,0.002991828890071877,0.002991828890071877,0.002991828890071877,0.02827341883404888,9,False
45,participation_coef,-0.011004611404339964,0.08256307639754334,decreasing,-0.014062429937533302,0.014062429937533302,-0.014062429937533302,0.16029572405738535,9,True
45,within_module_zscore,-0.37761852336906493,2.1171990479282763,decreasing,-0.6013086102802995,0.6013086102802995,-0.6013086102802995,0.20813548047583252,9,True
46,degree,-7.284693166438142e-15,0.0,decreasing,-8.993448353627336e-17,8.993448353627336e-17,-8.993448353627336e-17,,9,False
46,strength,-0.6091206341482127,3.4287766063775678,decreasing,-0.013880746357648462,0.013880746357648462,-0.013880746357648462,0.20811474392499307,9,True
46,betweenness,58.666666666666664,244.0,increasing,1.0775510204081633,1.0775510204081633,1.0775510204081633,0.43480376560423717,9,True
46,clustering,-0.0073656270817515,0.03130657168916651,decreasing,-0.014493279293149992,0.014493279293149992,-0.014493279293149992,0.41283663759196765,9,True
46,local_efficiency,-0.007349473022853322,0.03135116215566869,decreasing,-0.014439188713673048,0.014439188713673048,-0.014439188713673048,0.4098742960177887,9,True
46,participation_coef,-0.014931952981178942,0.08482750681221995,decreasing,-0.019102845487067224,0.019102845487067224,-0.019102845487067224,0.2747374688725015,9,True
46,within_module_zscore,0.2089876507809128,2.1594415264342546,increasing,1.085183514393663,1.085183514393663,1.085183514393663,0.05487009308863022,9,True
47,degree,-7.284693166438142e-15,0.0,decreasing,-8.993448353627336e-17,8.993448353627336e-17,-8.993448353627336e-17,,9,False
47,strength,-0.43946187325996566,2.232063949790877,decreasing,-0.010034213109671833,0.010034213109671833,-0.010034213109671833,0.2620461223678898,9,True
47,betweenness,44.33333333333333,122.0,increasing,1.0499999999999998,1.0499999999999998,1.0499999999999998,0.6481069858329263,9,True
47,clustering,-0.004389118436279585,0.02119003921544277,decreasing,-0.008653380107040878,0.008653380107040878,-0.008653380107040878,0.2958339349682807,9,False
47,local_efficiency,-0.0043848065539190476,0.021212041850554697,decreasing,-0.008631705400966572,0.008631705400966572,-0.008631705400966572,0.292870325597099,9,False
47,participation_coef,-0.013514972993338996,0.08547734284658925,decreasing,-0.017246128588146614,0.017246128588146614,-0.017246128588146614,0.24776918125291492,9,True
47,within_module_zscore,-0.04118415387405659,3.1836978169520322,decreasing,-0.4981290982149671,0.4981290982149671,-0.4981290982149671,0.0010320334621095606,9,True
48,degree,-7.284693166438142e-15,0.0,decreasing,-8.993448353627336e-17,8.993448353627336e-17,-8.993448353627336e-17,,9,False
48,strength,-0.22847576382517537,3.631437833707153,decreasing,-0.00526730100570587,0.00526730100570587,-0.00526730100570587,0.014338402210589796,9,False
48,betweenness,34.33333333333334,144.0,increasing,0.5132890365448507,0.5132890365448507,0.5132890365448507,0.31139441139636825,9,True
48,clustering,-0.003192109462613842,0.03895478211016695,decreasing,-0.0063347891851017815,0.0063347891851017815,-0.0063347891851017815,0.028793575043450037,9,False
48,local_efficiency,-0.0031785842419150044,0.03905624779188133,decreasing,-0.006298443569117135,0.006298443569117135,-0.006298443569117135,0.028560254682831077,9,False
48,participation_coef,-0.01114467783478284,0.08599497326987926,decreasing,-0.014172451983676792,0.014172451983676792,-0.014172451983676792,0.17509333165626706,9,True
48,within_module_zscore,-0.7438451638362634,2.4757913802278737,decreasing,-27.76662908457774,27.76662908457774,-27.76662908457774,0.48716747401120963,9,True
49,degree,-7.284693166438142e-15,0.0,decreasing,-8.993448353627336e-17,8.993448353627336e-17,-8.993448353627336e-17,,9,False
49,strength,0.38547525006555977,6.061158666206879,increasing,0.008895777205322324,0.008895777205322324,0.008895777205322324,0.019384712284061467,9,False
49,betweenness,-40.33333333333334,376.0,decreasing,-0.23209718670076732,0.23209718670076732,-0.23209718670076732,0.05857774624445211,9,True
49,clustering,0.0031918510210234285,0.060899316235575485,increasing,0.0063703761056779365,0.0063703761056779365,0.0063703761056779365,0.014550093468914893,9,False
49,local_efficiency,0.0032177290287224328,0.06082884360694002,increasing,0.006412109366141225,0.006412109366141225,0.006412109366141225,0.014795964707940423,9,False
49,participation_coef,-0.009911441793495127,0.08569122112714112,decreasing,-0.01260235644674493,0.01260235644674493,-0.01260235644674493,0.14690014972134635,9,True
49,within_module_zscore,0.03538825996515325,1.914942408004189,increasing,0.13405654239405795,0.13405654239405795,0.13405654239405795,0.0021601227716275817,9,True
50,degree,-7.284693166438142e-15,0.0,decreasing,-8.993448353627336e-17,8.993448353627336e-17,-8.993448353627336e-17,,9,False
50,strength,0.9169837797847633,5.204887968583954,increasing,0.02206376769220378,0.02206376769220378,0.02206376769220378,0.14875887777819907,9,True
50,betweenness,29.999999999999947,314.0,increasing,0.16304347826086926,0.16304347826086926,0.16304347826086926,0.03178115730495801,9,True
50,clustering,0.007066310822392863,0.05110869642344257,increasing,0.014560362026376844,0.014560362026376844,0.014560362026376844,0.09725088406530347,9,True
50,local_efficiency,0.007087985278564485,0.05122483298958447,increasing,0.014582995678922541,0.014582995678922541,0.014582995678922541,0.09693628357577622,9,True
50,participation_coef,-0.00790747296261427,0.07366059557458715,decreasing,-0.010119746190337151,0.010119746190337151,-0.010119746190337151,0.10150023400005492,9,True
50,within_module_zscore,-0.0728847920894129,2.2590465822754755,decreasing,-0.602419406655812,0.602419406655812,-0.602419406655812,0.004101112269214946,9,True
51,degree,-7.284693166438142e-15,0.0,decreasing,-8.993448353627336e-17,8.993448353627336e-17,-8.993448353627336e-17,,9,False
51,strength,0.18587961085110244,3.3167427911843532,increasing,0.004203631347541826,0.004203631347541826,0.004203631347541826,0.027790734031926,9,False
51,betweenness,-27.99999999999999,142.0,decreasing,-0.36206896551724127,0.36206896551724127,-0.36206896551724127,0.18473138548539114,9,True
51,clustering,0.0025626521890060143,0.025343172964618688,increasing,0.005023552155504296,0.005023552155504296,0.005023552155504296,0.07155132172098588,9,False
51,local_efficiency,0.0026040629949819166,0.025300749157508906,increasing,0.005096953499642407,0.005096953499642407,0.005096953499642407,0.07336631239403557,9,False
51,participation_coef,-0.010747495946852282,0.08082918192985145,decreasing,-0.013670522685848712,0.013670522685848712,-0.013670522685848712,0.18182402246283147,9,True
51,within_module_zscore,-0.22503430542776745,3.4124381093197824,decreasing,-7.524059655424845,7.524059655424845,-7.524059655424845,0.02459534504630001,9,True
52,degree,-7.284693166438142e-15,0.0,decreasing,-8.993448353627336e-17,8.993448353627336e-17,-8.993448353627336e-17,,9,False
52,strength,0.25845546799324454,2.413704526800153,increasing,0.006086820581065185,0.006086820581065185,0.006086820581065185,0.08870602521533111,9,False
52,betweenness,-65.33333333333336,440.0,decreasing,-0.3281250000000001,0.3281250000000001,-0.3281250000000001,0.12117949386574045,9,True
52,clustering,0.0035464319213650065,0.026665722097171496,increasing,0.007206325156214209,0.007206325156214209,0.007206325156214209,0.14402893747575074,9,False
52,local_efficiency,0.0035828166086739467,0.026781032351574197,increasing,0.007269307945527104,0.007269307945527104,0.007269307945527104,0.14612951752614622,9,False
52,participation_coef,-0.013330727943363761,0.08446793109418582,decreasing,-0.01702544726867463,0.01702544726867463,-0.01702544726867463,0.2567477298103076,9,True
52,within_module_zscore,-0.00013060055920200212,2.9983700445499957,decreasing,-0.00023778145869767246,0.00023778145869767246,-0.00023778145869767246,1.1469909799721734e-08,9,False
53,degree,-7.284693166438142e-15,0.0,decreasing,-8.993448353627336e-17,8.993448353627336e-17,-8.993448353627336e-17,,9,False
53,strength,-1.8187846946305606,7.355670241665614,decreasing,-0.04091934633487431,0.04091934633487431,-0.04091934633487431,0.3358526535906494,9,True
53,betweenness,27.666666666666668,158.0,increasing,0.8527397260273973,0.8527397260273973,0.8527397260273973,0.22892113424900318,9,True
53,clustering,-0.017078718326508976,0.06940406939466554,decreasing,-0.0331476072352781,0.0331476072352781,-0.0331476072352781,0.35793240010107785,9,True
53,local_efficiency,-0.017075413225950895,0.06976463607390437,decreasing,-0.03308935127006771,0.03308935127006771,-0.03308935127006771,0.35514296120882594,9,True
53,participation_coef,-0.014630401968226707,0.0882522710468926,decreasing,-0.01866243615362326,0.01866243615362326,-0.01866243615362326,0.2705155461113704,9,True
53,within_module_zscore,-0.5329336761038019,2.745087575320876,decreasing,-1.9417370768070354,1.9417370768070354,-1.9417370768070354,0.3249920333051407,9,True
54,degree,-7.284693166438142e-15,0.0,decreasing,-8.993448353627336e-17,8.993448353627336e-17,-8.993448353627336e-17,,9,False
54,strength,1.6471311308910752,7.34765468832466,increasing,0.038302024937776784,0.038302024937776784,0.038302024937776784,0.36220205774290104,9,True
54,betweenness,21.333333333333336,320.0,increasing,0.1359773371104816,0.1359773371104816,0.1359773371104816,0.04109918925427436,9,True
54,clustering,0.014792410130546526,0.07008927728445513,increasing,0.029706802571847296,0.029706802571847296,0.029706802571847296,0.33375165467000945,9,True
54,local_efficiency,0.014837214761433744,0.07034631202746117,increasing,0.029750086964718432,0.029750086964718432,0.029750086964718432,0.33382398006481595,9,True
54,participation_coef,-0.011021722658263972,0.09246655793669412,decreasing,-0.014040281439981444,0.014040281439981444,-0.014040281439981444,0.15415777059277036,9,True
54,within_module_zscore,0.9656209601868085,3.1917489939764634,increasing,6.0767705981291655,6.0767705981291655,6.0767705981291655,0.5939548947935414,9,True
55,degree,-7.284693166438142e-15,0.0,decreasing,-8.993448353627336e-17,8.993448353627336e-17,-8.993448353627336e-17,,9,False
55,strength,1.917440850274187,6.16701392474377,increasing,0.0446799807331871,0.0446799807331871,0.0446799807331871,0.603894826787519,9,True
55,betweenness,-14.333333333333316,244.0,decreasing,-0.14082969432314393,0.14082969432314393,-0.14082969432314393,0.019867763148469164,9,True
55,clustering,0.017729433492757258,0.05129569354577829,increasing,0.03552348484170561,0.03552348484170561,0.03552348484170561,0.6318234260622911,9,True
55,local_efficiency,0.01778112079483597,0.05156081290762121,increasing,0.035572621949072715,0.035572621949072715,0.035572621949072715,0.6318610935039084,9,True
55,participation_coef,-0.01387317110343371,0.08739848998953914,decreasing,-0.017690724213106693,0.017690724213106693,-0.017690724213106693,0.2441610891295748,9,True
55,within_module_zscore,0.8008539826814329,3.6514119930659206,increasing,1.7594156504319052,1.7594156504319052,1.7594156504319052,0.3401191621159161,9,True
56,degree,-7.284693166438142e-15,0.0,decreasing,-8.993448353627336e-17,8.993448353627336e-17,-8.993448353627336e-17,,9,False
56,strength,-0.5423307707717019,8.238994461179502,decreasing,-0.012286411420798705,0.012286411420798705,-0.012286411420798705,0.02059160787625469,9,True
56,betweenness,-0.6666666666666845,214.0,decreasing,-0.00791556728232211,0.00791556728232211,-0.00791556728232211,4.6274158967296586e-05,9,False
56,clustering,-0.004040483354242687,0.07561432988040373,decreasing,-0.007926255680711602,0.007926255680711602,-0.007926255680711602,0.013539068140211441,9,False
56,local_efficiency,-0.003996373180782925,0.07560098787742392,decreasing,-0.007827882022812411,0.007827882022812411,-0.007827882022812411,0.01326076768996598,9,False
56,participation_coef,-0.016086967211658063,0.08708335183221727,decreasing,-0.020588723689788528,0.020588723689788528,-0.020588723689788528,0.3173785588060425,9,True
56,within_module_zscore,-0.2168038368700733,2.936733386797817,decreasing,-0.8988148516021564,0.8988148516021564,-0.8988148516021564,0.027117969070947212,9,True
57,degree,-7.284693166438142e-15,0.0,decreasing,-8.993448353627336e-17,8.993448353627336e-17,-8.993448353627336e-17,,9,False
57,strength,0.9269270756418222,3.867047774799893,increasing,0.021991318802702355,0.021991318802702355,0.021991318802702355,0.362936854794513,9,True
57,betweenness,-23.000000000000014,410.0,decreasing,-0.15972222222222232,0.15972222222222232,-0.15972222222222232,0.013511442582754385,9,True
57,clustering,0.007988605950383703,0.030371105840162393,increasing,0.016279296755767315,0.016279296755767315,0.016279296755767315,0.44527658672980774,9,True
57,local_efficiency,0.008044919052586034,0.030399955737889395,increasing,0.016369176153178268,0.016369176153178268,0.016369176153178268,0.45004575133526015,9,True
57,participation_coef,-0.014258275225836108,0.08311060181552332,decreasing,-0.01828808535327079,0.01828808535327079,-0.01828808535327079,0.2094953745720669,9,True
57,within_module_zscore,0.7418301638539174,3.320801909300862,increasing,20.53836699648809,20.53836699648809,20.53836699648809,0.34107225727296253,9,True
58,degree,-7.284693166438142e-15,0.0,decreasing,-8.993448353627336e-17,8.993448353627336e-17,-8.993448353627336e-17,,9,False
58,strength,0.5662611263657095,2.347778884611536,increasing,0.013335758582633224,0.013335758582633224,0.013335758582633224,0.328127162237116,9,True
58,betweenness,106.0,468.0,increasing,0.6489795918367347,0.6489795918367347,0.6489795918367347,0.40838381390840794,9,True
58,clustering,0.0038243063872208756,0.015501083020384887,increasing,0.007743529723228906,0.007743529723228906,0.007743529723228906,0.296434432044154,9,False
58,local_efficiency,0.003822957912927438,0.01570451337698353,increasing,0.007728961746032761,0.007728961746032761,0.007728961746032761,0.2975356263303913,9,False
58,participation_coef,-0.013510537020588024,0.09277736064120712,decreasing,-0.01729507504730746,0.01729507504730746,-0.01729507504730746,0.20495102880671667,9,True
58,within_module_zscore,-0.49446863508615047,2.597987602631009,decreasing,-4.9981183339451976,4.9981183339451976,-4.9981183339451976,0.3118997494877478,9,True
59,degree,-7.284693166438142e-15,0.0,decreasing,-8.993448353627336e-17,8.993448353627336e-17,-8.993448353627336e-17,,9,False
59,strength,0.2080708083965385,3.847648233212041,increasing,0.004825868093172476,0.004825868093172476,0.004825868093172476,0.016314195410798815,9,False
59,betweenness,12.999999999999993,110.0,increasing,0.2954545454545453,0.2954545454545453,0.2954545454545453,0.060937499999999756,9,True
59,clustering,-0.0006418324929004978,0.0314802414347054,decreasing,-0.0012784208881601988,0.0012784208881601988,-0.0012784208881601988,0.0027356261811236626,9,False
59,local_efficiency,-0.0006196037850656919,0.0318965125446844,decreasing,-0.0012322768075920293,0.0012322768075920293,-0.0012322768075920293,0.0024909643442794227,9,False
59,participation_coef,-0.011570273661156328,0.08907870185704403,decreasing,-0.014769795937111937,0.014769795937111937,-0.014769795937111937,0.16691786554885413,9,True
59,within_module_zscore,-0.41735693983809885,2.4794683411635052,decreasing,-2.9575658098646547,2.9575658098646547,-2.9575658098646547,0.26792731280158444,9,True
60,degree,-7.284693166438142e-15,0.0,decreasing,-8.993448353627336e-17,8.993448353627336e-17,-8.993448353627336e-17,,9,False
60,strength,0.9827915890327719,4.049471446374788,increasing,0.023245286336575643,0.023245286336575643,0.023245286336575643,0.35833095963254114,9,True
60,betweenness,-8.666666666666742,504.0,decreasing,-0.039836567926455915,0.039836567926455915,-0.039836567926455915,0.0012305556432020692,9,True
60,clustering,0.006525514067710926,0.03401595933860657,increasing,0.013270459973147816,0.013270459973147816,0.013270459973147816,0.2157752843750379,9,True
60,local_efficiency,0.006562112864546601,0.034096993627521555,increasing,0.013325092399340686,0.013325092399340686,0.013325092399340686,0.2180769058264922,9,True
60,participation_coef,-0.014234300788549814,0.08471989298907323,decreasing,-0.01818919346419464,0.01818919346419464,-0.01818919346419464,0.2595542946938989,9,True
60,within_module_zscore,0.6116414283588046,2.299576077994354,increasing,8.756629377693683,8.756629377693683,8.756629377693683,0.328320409904303,9,True
61,degree,-7.284693166438142e-15,0.0,decreasing,-8.993448353627336e-17,8.993448353627336e-17,-8.993448353627336e-17,,9,False
61,strength,1.1126994868516114,6.774505699100949,increasing,0.025394188933884624,0.025394188933884624,0.025394188933884624,0.19056405156244072,9,True
61,betweenness,-18.99999999999998,170.0,decreasing,-0.23360655737704894,0.23360655737704894,-0.23360655737704894,0.06728379721669986,9,True
61,clustering,0.009585624353157638,0.06197149212317443,increasing,0.01894277257074892,0.01894277257074892,0.01894277257074892,0.16677852664398618,9,True
61,local_efficiency,0.0096398231804457,0.06241781619802994,increasing,0.019020916749699638,0.019020916749699638,0.019020916749699638,0.167126414516092,9,True
61,participation_coef,-0.011215174523985799,0.09194455215833697,decreasing,-0.014337681230240784,0.014337681230240784,-0.014337681230240784,0.1515035258042925,9,True
61,within_module_zscore,0.6877602249303668,2.711932419827862,increasing,1.2521496274394766,1.2521496274394766,1.2521496274394766,0.40184994821558695,9,True
62,degree,-7.284693166438142e-15,0.0,decreasing,-8.993448353627336e-17,8.993448353627336e-17,-8.993448353627336e-17,,9,False
62,strength,0.9920929828244105,4.190464819833991,increasing,0.02358145479165164,0.02358145479165164,0.02358145479165164,0.4085576085055621,9,True
62,betweenness,-55.66666666666668,172.0,decreasing,-0.6609498680738787,0.6609498680738787,-0.6609498680738787,0.481930556195567,9,True
62,clustering,0.009636827471799394,0.03485280227883891,increasing,0.019561311544992306,0.019561311544992306,0.019561311544992306,0.4406166934782215,9,True
62,local_efficiency,0.009681518013763846,0.0352742816391412,increasing,0.019621960355077926,0.019621960355077926,0.019621960355077926,0.4397800416368888,9,True
62,participation_coef,-0.011678551409820248,0.09005395048659082,decreasing,-0.014868652364251557,0.014868652364251557,-0.014868652364251557,0.18021686977245233,9,True
62,within_module_zscore,-0.21927860384615724,1.5887431773115652,decreasing,-0.29657864990894867,0.29657864990894867,-0.29657864990894867,0.09071477713809406,9,True
63,degree,-7.284693166438142e-15,0.0,decreasing,-8.993448353627336e-17,8.993448353627336e-17,-8.993448353627336e-17,,9,False
63,strength,-1.2932476998234896,3.996917629486113,decreasing,-0.029153516432653844,0.029153516432653844,-0.029153516432653844,0.6196943522499612,9,True
63,betweenness,-45.000000000000014,256.0,decreasing,-0.3750000000000001,0.3750000000000001,-0.3750000000000001,0.17045454545454541,9,True
63,clustering,-0.00815223306345474,0.028265426373718094,decreasing,-0.01603186352895295,0.01603186352895295,-0.01603186352895295,0.5471418101991485,9,True
63,local_efficiency,-0.008126528439757285,0.02835094491498147,decreasing,-0.015957484385420866,0.015957484385420866,-0.015957484385420866,0.5461458580209805,9,True
63,participation_coef,-0.012676173412503617,0.09059204461177428,decreasing,-0.016176431585369504,0.016176431585369504,-0.016176431585369504,0.20836054805581794,9,True
63,within_module_zscore,-0.23292227192520978,2.8805484220875437,decreasing,-0.2692265272549909,0.2692265272549909,-0.2692265272549909,0.040002590660835,9,True
64,degree,-7.284693166438142e-15,0.0,decreasing,-8.993448353627336e-17,8.993448353627336e-17,-8.993448353627336e-17,,9,False
64,strength,1.5780724927119547,9.87925883387512,increasing,0.037997930034851975,0.037997930034851975,0.037997930034851975,0.17297441105426403,9,True
64,betweenness,-80.33333333333334,528.0,decreasing,-0.4145642201834863,0.4145642201834863,-0.4145642201834863,0.11475253288936427,9,True
64,clustering,0.01544361693743584,0.08173756031047807,increasing,0.031694700514497985,0.031694700514497985,0.031694700514497985,0.21645680999336325,9,True
64,local_efficiency,0.015492321561461735,0.08194330639227859,increasing,0.03174589821269707,0.03174589821269707,0.03174589821269707,0.21593090467637255,9,True
64,participation_coef,-0.012507143787123585,0.0836912519242673,decreasing,-0.015898508983308923,0.015898508983308923,-0.015898508983308923,0.2300576391927952,9,True
64,within_module_zscore,0.24855100499401578,3.72221405545999,increasing,0.5140705807568176,0.5140705807568176,0.5140705807568176,0.03283871196725052,9,True
65,degree,-7.284693166438142e-15,0.0,decreasing,-8.993448353627336e-17,8.993448353627336e-17,-8.993448353627336e-17,,9,False
65,strength,0.010146155634401063,5.279026430342547,increasing,0.0002375859341064534,0.0002375859341064534,0.0002375859341064534,1.7898816387584837e-05,9,False
65,betweenness,-124.00000000000006,634.0,decreasing,-0.5375722543352603,0.5375722543352603,-0.5375722543352603,0.17164290179501673,9,True
65,clustering,0.0029029354838448454,0.05819380767477006,increasing,0.005875842058535632,0.005875842058535632,0.005875842058535632,0.012908731007614804,9,False
65,local_efficiency,0.002983596835775186,0.05853579330494857,increasing,0.006030156445256842,0.006030156445256842,0.006030156445256842,0.013600484711224547,9,False
65,participation_coef,-0.008867758952877985,0.07807187831898288,decreasing,-0.011235279566413497,0.011235279566413497,-0.011235279566413497,0.14560413162667418,9,True
65,within_module_zscore,0.0953812096572376,2.707023134035185,increasing,0.28965098547468765,0.28965098547468765,0.28965098547468765,0.008161366313038099,9,True
66,degree,-7.284693166438142e-15,0.0,decreasing,-8.993448353627336e-17,8.993448353627336e-17,-8.993448353627336e-17,,9,False
66,strength,1.7274848668620886,6.530820049285083,increasing,0.03944788654507517,0.03944788654507517,0.03944788654507517,0.4040141653047048,9,True
66,betweenness,8.666666666666671,164.0,increasing,0.10512129380053914,0.10512129380053914,0.10512129380053914,0.015754148281648117,9,True
66,clustering,0.013334908544815295,0.0588098448978131,increasing,0.026320874604653446,0.026320874604653446,0.026320874604653446,0.27904327921445393,9,True
66,local_efficiency,0.01338398736637673,0.058988067465038874,increasing,0.026376893900349682,0.026376893900349682,0.026376893900349682,0.28013445293958106,9,True
66,participation_coef,-0.010725182431287084,0.08853239722916206,decreasing,-0.013681591954497613,0.013681591954497613,-0.013681591954497613,0.15189561965520637,9,True
66,within_module_zscore,0.345013754731418,2.2193463779891696,increasing,1.02911366682003,1.02911366682003,1.02911366682003,0.1458719780897948,9,True
67,degree,-7.284693166438142e-15,0.0,decreasing,-8.993448353627336e-17,8.993448353627336e-17,-8.993448353627336e-17,,9,False
67,strength,-1.0825042021033522,3.672167242903953,decreasing,-0.025119720937473545,0.025119720937473545,-0.025119720937473545,0.4811660410067453,9,True
67,betweenness,94.66666666666669,430.0,increasing,0.9424778761061949,0.9424778761061949,0.9424778761061949,0.31853486180077595,9,True
67,clustering,-0.010690782489985718,0.04253562390357546,decreasing,-0.021376835198924634,0.021376835198924634,-0.021376835198924634,0.36731422440404826,9,True
67,local_efficiency,-0.01069920674769742,0.042770528365323246,decreasing,-0.021360839958058542,0.021360839958058542,-0.021360839958058542,0.3637375119223659,9,True
67,participation_coef,-0.01733547036984915,0.09406838732607814,decreasing,-0.022206834984588326,0.022206834984588326,-0.022206834984588326,0.31967019960365217,9,True
67,within_module_zscore,0.3053451666689302,1.662549743102679,increasing,2.1516722609771013,2.1516722609771013,2.1516722609771013,0.20489462870608255,9,True
68,degree,-7.284693166438142e-15,0.0,decreasing,-8.993448353627336e-17,8.993448353627336e-17,-8.993448353627336e-17,,9,False
68,strength,0.4891183689873078,5.056377125696933,increasing,0.011292142179184818,0.011292142179184818,0.011292142179184818,0.06125588525286263,9,True
68,betweenness,65.66666666666666,240.0,increasing,0.6952941176470587,0.6952941176470587,0.6952941176470587,0.43030587504804707,9,True
68,clustering,0.0028600694989550928,0.04379838316840934,increasing,0.005679300891229526,0.005679300891229526,0.005679300891229526,0.02213642731518306,9,False
68,local_efficiency,0.0028961974688205597,0.04398775592394655,increasing,0.005742389058382726,0.005742389058382726,0.005742389058382726,0.02261572006414614,9,False
68,participation_coef,-0.011064334081389312,0.07921258781071194,decreasing,-0.01405808111552273,0.01405808111552273,-0.01405808111552273,0.20308215940565666,9,True
68,within_module_zscore,0.29162550049846986,1.2044664594651082,increasing,5.211949781242631,5.211949781242631,5.211949781242631,0.3024052052571625,9,True
69,degree,-7.284693166438142e-15,0.0,decreasing,-8.993448353627336e-17,8.993448353627336e-17,-8.993448353627336e-17,,9,False
69,strength,-0.4933669127634597,3.5394246437949377,decreasing,-0.011039778544220388,0.011039778544220388,-0.011039778544220388,0.08907370611922594,9,True
69,betweenness,1.3333333333333082,224.0,increasing,0.00907715582450815,0.00907715582450815,0.00907715582450815,0.00016773363898114901,9,False
69,clustering,-0.004030832478583082,0.02412891797749428,decreasing,-0.007875012949955105,0.007875012949955105,-0.007875012949955105,0.13644379485960423,9,False
69,local_efficiency,-0.003997977384898827,0.02439759424886917,decreasing,-0.007799172079972053,0.007799172079972053,-0.007799172079972053,0.13246874355743055,9,False
69,participation_coef,-0.012359428176806964,0.0858033248304666,decreasing,-0.015756347019272702,0.015756347019272702,-0.015756347019272702,0.2096611284008535,9,True
69,within_module_zscore,0.3397487382499156,4.438502672461841,increasing,3.1080334472247246,3.1080334472247246,3.1080334472247246,0.05325588777706303,9,True
70,degree,-7.284693166438142e-15,0.0,decreasing,-8.993448353627336e-17,8.993448353627336e-17,-8.993448353627336e-17,,9,False
70,strength,0.5388565123191463,3.362061730094865,increasing,0.012294815172319676,0.012294815172319676,0.012294815172319676,0.15244106935812574,9,True
70,betweenness,-40.99999999999997,246.0,decreasing,-0.3596491228070173,0.3596491228070173,-0.3596491228070173,0.13886441238021807,9,True
70,clustering,0.005949055403963036,0.03881307360892494,increasing,0.011803350860901117,0.011803350860901117,0.011803350860901117,0.14581403051691322,9,True
70,local_efficiency,0.005996144294783106,0.03897494701771981,increasing,0.01187850968434283,0.01187850968434283,0.01187850968434283,0.14610293470336722,9,True
70,participation_coef,-0.012807432724273987,0.08846131444776917,decreasing,-0.016334236111910597,0.016334236111910597,-0.016334236111910597,0.21710586658237707,9,True
70,within_module_zscore,0.144993224835066,2.224868746617768,increasing,0.5480351285018109,0.5480351285018109,0.5480351285018109,0.029955349567050704,9,True
71,degree,-7.284693166438142e-15,0.0,decreasing,-8.993448353627336e-17,8.993448353627336e-17,-8.993448353627336e-17,,9,False
71,strength,-0.8323323501844818,3.1159328478956,decreasing,-0.01880316215190745,0.01880316215190745,-0.01880316215190745,0.3541650248987088,9,True
71,betweenness,-59.000000000000036,372.0,decreasing,-0.37184873949579855,0.37184873949579855,-0.37184873949579855,0.1218041429504525,9,True
71,clustering,-0.004167859195840626,0.0202987122050739,decreasing,-0.008210403927655395,0.008210403927655395,-0.008210403927655395,0.17442544572489982,9,False
71,local_efficiency,-0.00412198941697174,0.020069065844959044,decreasing,-0.008108046564182219,0.008108046564182219,-0.008108046564182219,0.17480187814930015,9,False
71,participation_coef,-0.013123419875262918,0.08086480811964858,decreasing,-0.016708391085094896,0.016708391085094896,-0.016708391085094896,0.2554973492171847,9,True
71,within_module_zscore,-0.2548290306915755,3.0306147081125245,decreasing,-0.32013621370894246,0.32013621370894246,-0.32013621370894246,0.05212765453568258,9,True
72,degree,-7.284693166438142e-15,0.0,decreasing,-8.993448353627336e-17,8.993448353627336e-17,-8.993448353627336e-17,,9,False
72,strength,-0.0077563948009511975,3.824714056336923,decreasing,-0.00018677983108502183,0.00018677983108502183,-0.00018677983108502183,2.0155510577879454e-05,9,False
72,betweenness,5.666666666666681,182.0,increasing,0.053571428571428714,0.053571428571428714,0.053571428571428714,0.00410107469915999,9,True
72,clustering,0.0007777755763407772,0.039410008099556026,increasing,0.0015978895452936307,0.0015978895452936307,0.0015978895452936307,0.0019825562806548014,9,False
72,local_efficiency,0.0007952296289006836,0.039268664456017455,increasing,0.0016312512437341759,0.0016312512437341759,0.0016312512437341759,0.0020680029730962834,9,False
72,participation_coef,-0.012946594733225947,0.08553606954471937,decreasing,-0.016455509165064438,0.016455509165064438,-0.016455509165064438,0.23059707605484792,9,True
72,within_module_zscore,0.20963498307451092,2.259133857845404,increasing,0.24761835253370568,0.24761835253370568,0.24761835253370568,0.0716286159047933,9,True
73,degree,-7.284693166438142e-15,0.0,decreasing,-8.993448353627336e-17,8.993448353627336e-17,-8.993448353627336e-17,,9,False
73,strength,0.39634375508341646,4.310106684748185,increasing,0.00924645687270093,0.00924645687270093,0.00924645687270093,0.04281934822289779,9,False
73,betweenness,6.666666666666659,150.0,increasing,0.05928853754940705,0.05928853754940705,0.05928853754940705,0.011145372812720655,9,True
73,clustering,0.003015976329165412,0.03955178390501679,increasing,0.006053391648144598,0.006053391648144598,0.006053391648144598,0.028905538336399195,9,False
73,local_efficiency,0.003058693658828545,0.03939438427726982,increasing,0.006129795308503721,0.006129795308503721,0.006129795308503721,0.029958946232883754,9,False
73,participation_coef,-0.013010704694246438,0.08787454502856706,decreasing,-0.016568981436591315,0.016568981436591315,-0.016568981436591315,0.22297187021188192,9,True
73,within_module_zscore,-0.030666680674656603,3.313085620488682,decreasing,-1.8941154155466295,1.8941154155466295,-1.8941154155466295,0.0005511974823604326,9,True
74,degree,-7.284693166438142e-15,0.0,decreasing,-8.993448353627336e-17,8.993448353627336e-17,-8.993448353627336e-17,,9,False
74,strength,0.7029782425684106,4.88586831654456,increasing,0.016595992792936186,0.016595992792936186,0.016595992792936186,0.13206197226501826,9,True
74,betweenness,-1.3333333333333328,146.0,decreasing,-0.012448132780082981,0.012448132780082981,-0.012448132780082981,0.0005592580509860001,9,True
74,clustering,0.005464977499379137,0.03568446030654937,increasing,0.011099780015433852,0.011099780015433852,0.011099780015433852,0.14021490552671456,9,True
74,local_efficiency,0.005497423100708724,0.03584842614518613,increasing,0.011148377663904559,0.011148377663904559,0.011148377663904559,0.14026007523497874,9,True
74,participation_coef,-0.01003358029117978,0.07877821855571776,decreasing,-0.01275361533835639,0.01275361533835639,-0.01275361533835639,0.16599255749907393,9,True
74,within_module_zscore,0.5109142031974669,3.7019581645396653,increasing,0.6530217816367035,0.6530217816367035,0.6530217816367035,0.13635090165192598,9,True
75,degree,-7.284693166438142e-15,0.0,decreasing,-8.993448353627336e-17,8.993448353627336e-17,-8.993448353627336e-17,,9,False
75,strength,0.6417323532182514,6.057244457161659,increasing,0.01519543755075142,0.01519543755075142,0.01519543755075142,0.07411518847670906,9,True
75,betweenness,32.66666666666668,208.0,increasing,0.36658354114713226,0.36658354114713226,0.36658354114713226,0.14288831581035533,9,True
75,clustering,0.00416489224623975,0.0545661156886581,increasing,0.008473349489537464,0.008473349489537464,0.008473349489537464,0.03564161447453118,9,False
75,local_efficiency,0.004186445046993022,0.05480343786596581,increasing,0.008503676451451045,0.008503676451451045,0.008503676451451045,0.03577877765809678,9,False
75,participation_coef,-0.008522133336123144,0.08585529509412493,decreasing,-0.010833076815063474,0.010833076815063474,-0.010833076815063474,0.10456096386696812,9,True
75,within_module_zscore,0.4496771493575339,3.481648753636337,increasing,1.6737097406577839,1.6737097406577839,1.6737097406577839,0.10282772225131598,9,True
76,degree,-7.284693166438142e-15,0.0,decreasing,-8.993448353627336e-17,8.993448353627336e-17,-8.993448353627336e-17,,9,False
76,strength,-0.3545463129022966,5.828212696437987,decreasing,-0.008349277031604332,0.008349277031604332,-0.008349277031604332,0.017743721344758323,9,False
76,betweenness,11.999999999999982,176.0,increasing,0.14876033057851218,0.14876033057851218,0.14876033057851218,0.023627215051411077,9,True
76,clustering,-0.0035808617668291,0.050436404851747496,decreasing,-0.007210338665967311,0.007210338665967311,-0.007210338665967311,0.02467968771363871,9,False
76,local_efficiency,-0.0035637963065125984,0.050717667682122214,decreasing,-0.007165131751094478,0.007165131751094478,-0.007165131751094478,0.02416696570313892,9,False
76,participation_coef,-0.00995110834415877,0.0903564160845246,decreasing,-0.012664463994769113,0.012664463994769113,-0.012664463994769113,0.12927234587089786,9,True
76,within_module_zscore,0.24379841379264522,3.238985734903359,increasing,1.4945563483660107,1.4945563483660107,1.4945563483660107,0.035364407207902904,9,True
77,degree,-7.284693166438142e-15,0.0,decreasing,-8.993448353627336e-17,8.993448353627336e-17,-8.993448353627336e-17,,9,False
77,strength,0.4162075496007248,2.7439476790614847,increasing,0.009250075002728507,0.009250075002728507,0.009250075002728507,0.12617472666248786,9,False
77,betweenness,-15.999999999999982,110.0,decreasing,-0.521739130434782,0.521739130434782,-0.521739130434782,0.09186602870813387,9,True
77,clustering,0.004033008516810969,0.03103423676658157,increasing,0.007781161139286056,0.007781161139286056,0.007781161139286056,0.10162276991239216,9,False
77,local_efficiency,0.004066459493032099,0.03125398271231594,increasing,0.007833444663495682,0.007833444663495682,0.007833444663495682,0.10169810118806333,9,False
77,participation_coef,-0.010684410406882523,0.08729566574392034,decreasing,-0.013623684019029688,0.013623684019029688,-0.013623684019029688,0.1433392517259905,9,True
77,within_module_zscore,0.6009210490534199,3.071768643337747,increasing,2.1599074645100194,2.1599074645100194,2.1599074645100194,0.2654391093071915,9,True
78,degree,-7.284693166438142e-15,0.0,decreasing,-8.993448353627336e-17,8.993448353627336e-17,-8.993448353627336e-17,,9,False
78,strength,-1.0492386823358468,4.456938523973484,decreasing,-0.023777058866302277,0.023777058866302277,-0.023777058866302277,0.23308875324428813,9,True
78,betweenness,89.99999999999996,276.0,increasing,0.6650246305418716,0.6650246305418716,0.6650246305418716,0.6055622009569378,9,True
78,clustering,-0.010672887916265555,0.04479081164009946,decreasing,-0.021048268361427286,0.021048268361427286,-0.021048268361427286,0.30415041165280243,9,True
78,local_efficiency,-0.0106552423729038,0.044500362122287695,decreasing,-0.02098098880528989,0.02098098880528989,-0.02098098880528989,0.3036429982213027,9,True
78,participation_coef,-0.012231640220773894,0.09159053197561295,decreasing,-0.015566768397794833,0.015566768397794833,-0.015566768397794833,0.19107518454050376,9,True
78,within_module_zscore,-0.09454586392284323,3.108856955932442,decreasing,-0.22642093062336405,0.22642093062336405,-0.22642093062336405,0.005314294374723638,9,True
79,degree,-7.284693166438142e-15,0.0,decreasing,-8.993448353627336e-17,8.993448353627336e-17,-8.993448353627336e-17,,9,False
79,strength,0.5363772089187968,4.936065198674193,increasing,0.01234087264636441,0.01234087264636441,0.01234087264636441,0.08896295936983178,9,True
79,betweenness,17.99999999999999,208.0,increasing,0.1588235294117646,0.1588235294117646,0.1588235294117646,0.045259824920841685,9,True
79,clustering,0.004645200434319739,0.04616730611291758,increasing,0.009239225385831737,0.009239225385831737,0.009239225385831737,0.09200460937167587,9,False
79,local_efficiency,0.004652372305357983,0.04617350932569886,increasing,0.009239380529956012,0.009239380529956012,0.009239380529956012,0.0917586349988686,9,False
79,participation_coef,-0.012238601421084924,0.08491467332555791,decreasing,-0.01557683050694961,0.01557683050694961,-0.01557683050694961,0.2090716027020484,9,True
79,within_module_zscore,-0.3832016105834205,1.9541044057549934,decreasing,-8.820665759567822,8.820665759567822,-8.820665759567822,0.23843140174121624,9,True
80,degree,-7.284693166438142e-15,0.0,decreasing,-8.993448353627336e-17,8.993448353627336e-17,-8.993448353627336e-17,,9,False
80,strength,-1.0982904493891692,4.848568875054468,decreasing,-0.025319858707438064,0.025319858707438064,-0.025319858707438064,0.28280639615353365,9,True
80,betweenness,70.99999999999999,512.0,increasing,0.484090909090909,0.484090909090909,0.484090909090909,0.15759034637989267,9,True
80,clustering,-0.009128140378934557,0.041652958752405767,decreasing,-0.018197623742729045,0.018197623742729045,-0.018197623742729045,0.18580091523719178,9,True
80,local_efficiency,-0.00911371730263569,0.04136970828345832,decreasing,-0.018141285059351947,0.018141285059351947,-0.018141285059351947,0.18498998096325292,9,True
80,participation_coef,-0.009319502832842327,0.0837978241345243,decreasing,-0.011897821041799077,0.011897821041799077,-0.011897821041799077,0.12468681541960802,9,True
80,within_module_zscore,-0.8615078554940213,2.740646042594856,decreasing,-7.080664264641813,7.080664264641813,-7.080664264641813,0.7655011621936154,9,True
81,degree,-7.284693166438142e-15,0.0,decreasing,-8.993448353627336e-17,8.993448353627336e-17,-8.993448353627336e-17,,9,False
81,strength,0.1592427874067504,3.3760320882910477,increasing,0.0037024836678295125,0.0037024836678295125,0.0037024836678295125,0.008845151944893881,9,False
81,betweenness,-44.333333333333385,390.0,decreasing,-0.2531725888324876,0.2531725888324876,-0.2531725888324876,0.05733923145743014,9,True
81,clustering,0.004483566483327399,0.04324384963332756,increasing,0.009030174198155045,0.009030174198155045,0.009030174198155045,0.04904552596744971,9,False
81,local_efficiency,0.004546020332814422,0.04334601028314944,increasing,0.009142200349399332,0.009142200349399332,0.009142200349399332,0.050261944842309836,9,False
81,participation_coef,-0.011180183407003193,0.08258395721589529,decreasing,-0.014288189530929819,0.014288189530929819,-0.014288189530929819,0.19661381643526998,9,True
81,within_module_zscore,0.31389192074331523,2.8343166295715223,increasing,0.8851401876748881,0.8851401876748881,0.8851401876748881,0.08558853627724905,9,True
82,degree,-7.284693166438142e-15,0.0,decreasing,-8.993448353627336e-17,8.993448353627336e-17,-8.993448353627336e-17,,9,False
82,strength,0.9931016081754672,4.788004070484121,increasing,0.023262692947078396,0.023262692947078396,0.023262692947078396,0.3534898827877392,9,True
82,betweenness,-1.0000000000000198,264.0,decreasing,-0.009933774834437283,0.009933774834437283,-0.009933774834437283,6.824385805281885e-05,9,False
82,clustering,0.007633110762945086,0.04617841439838066,increasing,0.015408263371161829,0.015408263371161829,0.015408263371161829,0.21192654069461792,9,True
82,local_efficiency,0.007695576904558956,0.046391196082792185,increasing,0.015510847871847614,0.015510847871847614,0.015510847871847614,0.21240291030510128,9,True
82,participation_coef,-0.010032624899407865,0.0882051795996972,decreasing,-0.012793004745076155,0.012793004745076155,-0.012793004745076155,0.12320913318751625,9,True
82,within_module_zscore,0.6724600841353905,2.7818774644326503,increasing,2.103872948358901,2.103872948358901,2.103872948358901,0.48143416818974194,9,True
